feature,importance_mean,importance_std,product,horizon_days,model,split,metric
log_price,2.60322144308385e-05,0.000167822229173591,brent,1,random_forest,calibration,increase_in_log_return_mae
log_return_1,-0.0001427016188917208,3.6198128298943255e-05,brent,1,random_forest,calibration,increase_in_log_return_mae
log_return_2,-0.00013976736225574383,7.418480919505898e-05,brent,1,random_forest,calibration,increase_in_log_return_mae
log_return_5,-1.4438617620235807e-05,2.9481369193367245e-05,brent,1,random_forest,calibration,increase_in_log_return_mae
log_return_10,0.00024372629126000918,0.00020047636352446647,brent,1,random_forest,calibration,increase_in_log_return_mae
log_return_20,-3.4963564222125974e-05,3.0495295876074504e-05,brent,1,random_forest,calibration,increase_in_log_return_mae
log_return_60,-8.96693785353321e-06,1.5531295850643274e-05,brent,1,random_forest,calibration,increase_in_log_return_mae
price_to_mean_5,-5.4381379561234744e-05,1.2492282186814995e-05,brent,1,random_forest,calibration,increase_in_log_return_mae
volatility_5,-3.1270279316654784e-05,3.182637770480781e-05,brent,1,random_forest,calibration,increase_in_log_return_mae
momentum_5,4.368169129671112e-06,2.7234792814443467e-05,brent,1,random_forest,calibration,increase_in_log_return_mae
price_to_mean_20,2.2299629923829347e-05,1.4464507259626712e-05,brent,1,random_forest,calibration,increase_in_log_return_mae
volatility_20,1.7243160741663156e-06,6.596054789592732e-05,brent,1,random_forest,calibration,increase_in_log_return_mae
momentum_20,-5.2589519692899237e-05,1.578741628688622e-05,brent,1,random_forest,calibration,increase_in_log_return_mae
price_to_mean_60,-3.878095268106084e-05,1.2633466557106364e-05,brent,1,random_forest,calibration,increase_in_log_return_mae
volatility_60,8.625200950541922e-06,1.5160660767274039e-05,brent,1,random_forest,calibration,increase_in_log_return_mae
momentum_60,2.3710072509796483e-06,8.96111482315415e-06,brent,1,random_forest,calibration,increase_in_log_return_mae
gap_days,9.101289724644523e-07,4.013244280711957e-06,brent,1,random_forest,calibration,increase_in_log_return_mae
weekday_sin,-3.872036103785836e-06,1.7961496262861445e-05,brent,1,random_forest,calibration,increase_in_log_return_mae
weekday_cos,3.344854572878697e-06,5.887141526178563e-06,brent,1,random_forest,calibration,increase_in_log_return_mae
month_sin,1.7817485174969132e-05,4.780655310153496e-06,brent,1,random_forest,calibration,increase_in_log_return_mae
month_cos,1.0971198653846049e-05,1.7250010750045865e-05,brent,1,random_forest,calibration,increase_in_log_return_mae
day_of_year_sin,4.912108717583727e-05,3.579709878858576e-05,brent,1,random_forest,calibration,increase_in_log_return_mae
day_of_year_cos,-2.7902321261527584e-06,3.192204582948068e-05,brent,1,random_forest,calibration,increase_in_log_return_mae
peer_log_price,-2.451248252664795e-05,5.773877349649424e-06,brent,1,random_forest,calibration,increase_in_log_return_mae
peer_log_return_1,-5.99079200979992e-06,3.8490508223526196e-05,brent,1,random_forest,calibration,increase_in_log_return_mae
peer_log_return_5,-2.439988937124535e-05,1.869697216297737e-05,brent,1,random_forest,calibration,increase_in_log_return_mae
peer_age_days,-2.300293511576096e-05,1.3256268217474362e-05,brent,1,random_forest,calibration,increase_in_log_return_mae
relative_momentum_5,2.0189453900521653e-06,1.2387916145227225e-05,brent,1,random_forest,calibration,increase_in_log_return_mae
log_price,-0.0003371634301627804,0.0006168520409116046,brent,7,random_forest,calibration,increase_in_log_return_mae
log_return_1,-1.1310840601093387e-05,2.754018720784624e-05,brent,7,random_forest,calibration,increase_in_log_return_mae
log_return_2,-2.4685382222530693e-05,1.3822510111400165e-05,brent,7,random_forest,calibration,increase_in_log_return_mae
log_return_5,-4.8117792402301016e-05,3.159593085009558e-05,brent,7,random_forest,calibration,increase_in_log_return_mae
log_return_10,-0.00017080784737182747,8.67493676349996e-05,brent,7,random_forest,calibration,increase_in_log_return_mae
log_return_20,-0.00015998510125801862,4.165646011527233e-05,brent,7,random_forest,calibration,increase_in_log_return_mae
log_return_60,-0.000160706305197314,3.339960152886434e-05,brent,7,random_forest,calibration,increase_in_log_return_mae
price_to_mean_5,-1.938134112256379e-05,1.7637662157132494e-05,brent,7,random_forest,calibration,increase_in_log_return_mae
volatility_5,-1.7365477605460477e-06,1.5327492894413453e-05,brent,7,random_forest,calibration,increase_in_log_return_mae
momentum_5,-2.5513782687405784e-05,5.7893510943076466e-05,brent,7,random_forest,calibration,increase_in_log_return_mae
price_to_mean_20,-4.858252159224835e-05,1.9506793165570772e-05,brent,7,random_forest,calibration,increase_in_log_return_mae
volatility_20,6.872761061149646e-07,0.00010885902172210852,brent,7,random_forest,calibration,increase_in_log_return_mae
momentum_20,-0.0001253093545966949,2.101073619163789e-05,brent,7,random_forest,calibration,increase_in_log_return_mae
price_to_mean_60,-0.0007811178969847343,8.960145319291581e-05,brent,7,random_forest,calibration,increase_in_log_return_mae
volatility_60,0.00012187200902416401,0.00011554357374882928,brent,7,random_forest,calibration,increase_in_log_return_mae
momentum_60,-8.516556948355847e-05,4.764119974814046e-05,brent,7,random_forest,calibration,increase_in_log_return_mae
gap_days,0.0,0.0,brent,7,random_forest,calibration,increase_in_log_return_mae
weekday_sin,-1.1677627020892368e-05,3.3127165025302744e-06,brent,7,random_forest,calibration,increase_in_log_return_mae
weekday_cos,-9.94777522871082e-07,5.286068934416944e-06,brent,7,random_forest,calibration,increase_in_log_return_mae
month_sin,-2.2062419563811943e-05,6.502370375211178e-05,brent,7,random_forest,calibration,increase_in_log_return_mae
month_cos,-0.0009516944815169765,0.00018764286459023276,brent,7,random_forest,calibration,increase_in_log_return_mae
day_of_year_sin,0.00011086038200083941,0.00021031592022164921,brent,7,random_forest,calibration,increase_in_log_return_mae
day_of_year_cos,0.00017728806258365538,0.00010528115075837391,brent,7,random_forest,calibration,increase_in_log_return_mae
peer_log_price,-0.0002970380165584527,6.26171164804499e-05,brent,7,random_forest,calibration,increase_in_log_return_mae
peer_log_return_1,-4.050533179409677e-05,1.318388483341517e-05,brent,7,random_forest,calibration,increase_in_log_return_mae
peer_log_return_5,-0.0005377925923117602,6.658703944020573e-05,brent,7,random_forest,calibration,increase_in_log_return_mae
peer_age_days,-2.070494672525014e-06,3.0064223539418212e-06,brent,7,random_forest,calibration,increase_in_log_return_mae
relative_momentum_5,-1.7753688013068258e-05,8.094657450255188e-06,brent,7,random_forest,calibration,increase_in_log_return_mae
log_price,0.0002981726779644478,0.0002510531107063867,brent,30,random_forest,calibration,increase_in_log_return_mae
log_return_1,-2.3161349626998896e-05,7.88353906703855e-06,brent,30,random_forest,calibration,increase_in_log_return_mae
log_return_2,-6.710756154830744e-05,1.2637934714632793e-05,brent,30,random_forest,calibration,increase_in_log_return_mae
log_return_5,-9.128537372218859e-05,3.22727401593206e-05,brent,30,random_forest,calibration,increase_in_log_return_mae
log_return_10,2.2830231142101366e-05,1.3928015592218605e-05,brent,30,random_forest,calibration,increase_in_log_return_mae
log_return_20,-0.0005791588172605139,7.729577555262131e-05,brent,30,random_forest,calibration,increase_in_log_return_mae
log_return_60,-6.804190565390945e-05,7.26064994356633e-05,brent,30,random_forest,calibration,increase_in_log_return_mae
price_to_mean_5,-2.9436320628259403e-05,1.8218733825530354e-05,brent,30,random_forest,calibration,increase_in_log_return_mae
volatility_5,6.104372432952643e-05,3.153333820666724e-05,brent,30,random_forest,calibration,increase_in_log_return_mae
momentum_5,-3.842293807754527e-05,4.5207198120906626e-05,brent,30,random_forest,calibration,increase_in_log_return_mae
price_to_mean_20,-0.00032354955483283323,8.839468958301116e-05,brent,30,random_forest,calibration,increase_in_log_return_mae
volatility_20,0.002778969918754551,0.000550222191007984,brent,30,random_forest,calibration,increase_in_log_return_mae
momentum_20,-0.00044792771049182725,6.821327367619121e-05,brent,30,random_forest,calibration,increase_in_log_return_mae
price_to_mean_60,-0.000778404854291731,0.0003646566739046162,brent,30,random_forest,calibration,increase_in_log_return_mae
volatility_60,0.001835891231242498,0.0002846200299677759,brent,30,random_forest,calibration,increase_in_log_return_mae
momentum_60,-0.0005969794931264593,8.867729407257261e-05,brent,30,random_forest,calibration,increase_in_log_return_mae
gap_days,0.0,0.0,brent,30,random_forest,calibration,increase_in_log_return_mae
weekday_sin,0.0,0.0,brent,30,random_forest,calibration,increase_in_log_return_mae
weekday_cos,-3.901996129207497e-06,3.945968420775178e-06,brent,30,random_forest,calibration,increase_in_log_return_mae
month_sin,0.0013942260956735398,0.00036624659845189175,brent,30,random_forest,calibration,increase_in_log_return_mae
month_cos,0.0014994410817949805,0.0006037023524546652,brent,30,random_forest,calibration,increase_in_log_return_mae
day_of_year_sin,-3.930305291780234e-05,0.0002930892281157928,brent,30,random_forest,calibration,increase_in_log_return_mae
day_of_year_cos,-0.0019081268769238907,0.00044520312293516923,brent,30,random_forest,calibration,increase_in_log_return_mae
peer_log_price,0.000576572295520697,0.0004513959797849527,brent,30,random_forest,calibration,increase_in_log_return_mae
peer_log_return_1,1.247178177920527e-05,1.31697720859999e-05,brent,30,random_forest,calibration,increase_in_log_return_mae
peer_log_return_5,4.549861137393696e-05,1.3890213311893935e-05,brent,30,random_forest,calibration,increase_in_log_return_mae
peer_age_days,0.0,0.0,brent,30,random_forest,calibration,increase_in_log_return_mae
relative_momentum_5,-0.00010270746542835329,0.00010811908447398899,brent,30,random_forest,calibration,increase_in_log_return_mae
log_price,0.00019270968582230097,0.0012788484030411414,brent,90,random_forest,calibration,increase_in_log_return_mae
log_return_1,-3.509825896046981e-05,2.373286998232658e-05,brent,90,random_forest,calibration,increase_in_log_return_mae
log_return_2,0.0,0.0,brent,90,random_forest,calibration,increase_in_log_return_mae
log_return_5,3.4821229015669084e-05,7.121535886527646e-06,brent,90,random_forest,calibration,increase_in_log_return_mae
log_return_10,-0.00019342356635412283,8.167614332193572e-05,brent,90,random_forest,calibration,increase_in_log_return_mae
log_return_20,-0.0026988795066371805,0.00017754945316636483,brent,90,random_forest,calibration,increase_in_log_return_mae
log_return_60,-0.0017108011098316111,0.0002550751660677836,brent,90,random_forest,calibration,increase_in_log_return_mae
price_to_mean_5,-3.867952653896501e-06,5.659925793842898e-06,brent,90,random_forest,calibration,increase_in_log_return_mae
volatility_5,-6.282800304217573e-05,2.0938662393953936e-05,brent,90,random_forest,calibration,increase_in_log_return_mae
momentum_5,-6.692104003214183e-06,1.072115893870196e-05,brent,90,random_forest,calibration,increase_in_log_return_mae
price_to_mean_20,-0.0008292878504720935,0.00014317408507985078,brent,90,random_forest,calibration,increase_in_log_return_mae
volatility_20,0.0038185967053657676,0.0005699058544818743,brent,90,random_forest,calibration,increase_in_log_return_mae
momentum_20,-0.0026784717739328557,0.00034040299705671894,brent,90,random_forest,calibration,increase_in_log_return_mae
price_to_mean_60,-0.0005867210888351737,7.644708921582412e-05,brent,90,random_forest,calibration,increase_in_log_return_mae
volatility_60,-0.0003671221716179396,0.00025606162701414284,brent,90,random_forest,calibration,increase_in_log_return_mae
momentum_60,-0.0022237816986170724,0.0003166512559602407,brent,90,random_forest,calibration,increase_in_log_return_mae
gap_days,0.0,0.0,brent,90,random_forest,calibration,increase_in_log_return_mae
weekday_sin,0.0,0.0,brent,90,random_forest,calibration,increase_in_log_return_mae
weekday_cos,3.856131659552564e-05,2.0584740086244355e-05,brent,90,random_forest,calibration,increase_in_log_return_mae
month_sin,-6.267896091802783e-05,2.569589752417752e-05,brent,90,random_forest,calibration,increase_in_log_return_mae
month_cos,-0.0024755637117339193,0.0007994839576763314,brent,90,random_forest,calibration,increase_in_log_return_mae
day_of_year_sin,-0.0002720095727466343,6.938212631918064e-05,brent,90,random_forest,calibration,increase_in_log_return_mae
day_of_year_cos,-0.005508048472809746,0.0006936521899646876,brent,90,random_forest,calibration,increase_in_log_return_mae
peer_log_price,0.0017699689822149368,0.00019861882227172498,brent,90,random_forest,calibration,increase_in_log_return_mae
peer_log_return_1,-2.2719543527893737e-06,2.942672170381519e-06,brent,90,random_forest,calibration,increase_in_log_return_mae
peer_log_return_5,-7.176858949625719e-06,0.0001572190604934821,brent,90,random_forest,calibration,increase_in_log_return_mae
peer_age_days,0.0,0.0,brent,90,random_forest,calibration,increase_in_log_return_mae
relative_momentum_5,6.719605713929045e-05,2.685359022565768e-05,brent,90,random_forest,calibration,increase_in_log_return_mae
log_price,-8.366487440789743e-06,3.339398285291376e-06,gasoil,1,random_forest,calibration,increase_in_log_return_mae
log_return_1,6.432153319266345e-05,5.455915446750272e-05,gasoil,1,random_forest,calibration,increase_in_log_return_mae
log_return_2,-1.56219273944061e-05,1.2582501168696713e-05,gasoil,1,random_forest,calibration,increase_in_log_return_mae
log_return_5,-1.288665301543701e-05,2.219272309380109e-05,gasoil,1,random_forest,calibration,increase_in_log_return_mae
log_return_10,3.087188837704036e-05,3.22580816408154e-05,gasoil,1,random_forest,calibration,increase_in_log_return_mae
log_return_20,-1.8624680811481914e-05,2.177145502918551e-05,gasoil,1,random_forest,calibration,increase_in_log_return_mae
log_return_60,-6.860969740656725e-06,8.28772390056004e-06,gasoil,1,random_forest,calibration,increase_in_log_return_mae
price_to_mean_5,7.2427748781120346e-06,1.576593429861673e-05,gasoil,1,random_forest,calibration,increase_in_log_return_mae
volatility_5,-2.753505141413204e-05,3.182642499082076e-05,gasoil,1,random_forest,calibration,increase_in_log_return_mae
momentum_5,-3.220204650433711e-05,3.036312487672051e-05,gasoil,1,random_forest,calibration,increase_in_log_return_mae
price_to_mean_20,-2.3614410594724468e-05,1.4318416438695394e-05,gasoil,1,random_forest,calibration,increase_in_log_return_mae
volatility_20,1.779193879570609e-05,1.1421547048964518e-05,gasoil,1,random_forest,calibration,increase_in_log_return_mae
momentum_20,-4.180980471019807e-06,2.391061423126808e-05,gasoil,1,random_forest,calibration,increase_in_log_return_mae
price_to_mean_60,-7.626925093807899e-05,7.080502389383064e-05,gasoil,1,random_forest,calibration,increase_in_log_return_mae
volatility_60,3.353349961854324e-06,1.8693149630316105e-05,gasoil,1,random_forest,calibration,increase_in_log_return_mae
momentum_60,-2.3597155186109996e-05,1.0162269616455893e-05,gasoil,1,random_forest,calibration,increase_in_log_return_mae
gap_days,-5.759381248998663e-08,1.6340312584442455e-06,gasoil,1,random_forest,calibration,increase_in_log_return_mae
weekday_sin,-1.2736093291376011e-05,1.5762384777062835e-05,gasoil,1,random_forest,calibration,increase_in_log_return_mae
weekday_cos,1.4082277498383283e-05,3.952385714752833e-06,gasoil,1,random_forest,calibration,increase_in_log_return_mae
month_sin,2.1809958192287037e-06,5.683217267268766e-06,gasoil,1,random_forest,calibration,increase_in_log_return_mae
month_cos,1.7435488913572494e-06,6.023898837725218e-06,gasoil,1,random_forest,calibration,increase_in_log_return_mae
day_of_year_sin,1.4444170543257557e-05,2.276559598200637e-06,gasoil,1,random_forest,calibration,increase_in_log_return_mae
day_of_year_cos,-1.2432088775396478e-06,1.8489089329154122e-05,gasoil,1,random_forest,calibration,increase_in_log_return_mae
peer_log_price,-1.3828319599819283e-05,2.939342758789916e-05,gasoil,1,random_forest,calibration,increase_in_log_return_mae
peer_log_return_1,-0.00011543602654502244,7.618837365257719e-05,gasoil,1,random_forest,calibration,increase_in_log_return_mae
peer_log_return_5,0.00033127745447942696,0.00021694145408005232,gasoil,1,random_forest,calibration,increase_in_log_return_mae
peer_age_days,-3.371708780233046e-06,2.2243200892030354e-06,gasoil,1,random_forest,calibration,increase_in_log_return_mae
relative_momentum_5,-1.531457688904239e-05,3.7352473932456394e-05,gasoil,1,random_forest,calibration,increase_in_log_return_mae
log_price,0.0011813437907078907,0.00024981672166282567,gasoil,7,ridge_100,calibration,increase_in_log_return_mae
log_return_1,0.00014330734797841498,6.786562152315112e-05,gasoil,7,ridge_100,calibration,increase_in_log_return_mae
log_return_2,0.0006150924423745235,0.00012363201829081473,gasoil,7,ridge_100,calibration,increase_in_log_return_mae
log_return_5,-8.45664890575304e-05,8.657520594736987e-05,gasoil,7,ridge_100,calibration,increase_in_log_return_mae
log_return_10,9.731370568865222e-05,0.00020635696239538375,gasoil,7,ridge_100,calibration,increase_in_log_return_mae
log_return_20,-0.00016330220793139282,8.248682696121799e-05,gasoil,7,ridge_100,calibration,increase_in_log_return_mae
log_return_60,-0.0001936320721859411,0.00010505880916089539,gasoil,7,ridge_100,calibration,increase_in_log_return_mae
price_to_mean_5,0.000554502033323409,9.114992154514785e-05,gasoil,7,ridge_100,calibration,increase_in_log_return_mae
volatility_5,-0.00012274576986804204,0.0006187180402787467,gasoil,7,ridge_100,calibration,increase_in_log_return_mae
momentum_5,-8.456648905753178e-05,8.657520594737251e-05,gasoil,7,ridge_100,calibration,increase_in_log_return_mae
price_to_mean_20,9.106991454972124e-05,9.629927742555647e-05,gasoil,7,ridge_100,calibration,increase_in_log_return_mae
volatility_20,0.0009225265124637283,0.0003294837559766342,gasoil,7,ridge_100,calibration,increase_in_log_return_mae
momentum_20,-0.0001633022079313942,8.248682696121733e-05,gasoil,7,ridge_100,calibration,increase_in_log_return_mae
price_to_mean_60,-6.069553786619552e-06,4.277448687620793e-05,gasoil,7,ridge_100,calibration,increase_in_log_return_mae
volatility_60,-0.00013154001947527776,2.2563518176940308e-05,gasoil,7,ridge_100,calibration,increase_in_log_return_mae
momentum_60,-0.0001936320721859411,0.00010505880916089539,gasoil,7,ridge_100,calibration,increase_in_log_return_mae
gap_days,0.0004524925295428181,0.00019671477119518935,gasoil,7,ridge_100,calibration,increase_in_log_return_mae
weekday_sin,-1.8840773589989812e-05,8.89134927470038e-06,gasoil,7,ridge_100,calibration,increase_in_log_return_mae
weekday_cos,-7.83919551605075e-05,0.00010463447490822429,gasoil,7,ridge_100,calibration,increase_in_log_return_mae
month_sin,-3.394180666289603e-05,1.5246908046596978e-05,gasoil,7,ridge_100,calibration,increase_in_log_return_mae
month_cos,-4.7936340632274974e-05,0.00017388235004572308,gasoil,7,ridge_100,calibration,increase_in_log_return_mae
day_of_year_sin,-0.00011858244439924697,8.09573918013898e-05,gasoil,7,ridge_100,calibration,increase_in_log_return_mae
day_of_year_cos,3.983002192164825e-05,6.544272320450705e-05,gasoil,7,ridge_100,calibration,increase_in_log_return_mae
peer_log_price,8.294817096851648e-06,5.256970186950612e-06,gasoil,7,ridge_100,calibration,increase_in_log_return_mae
peer_log_return_1,-0.0002535627394142495,0.00018444550071853257,gasoil,7,ridge_100,calibration,increase_in_log_return_mae
peer_log_return_5,0.00025339807409893446,0.000351487784946499,gasoil,7,ridge_100,calibration,increase_in_log_return_mae
peer_age_days,-0.00024564064636017484,0.00010741093945768176,gasoil,7,ridge_100,calibration,increase_in_log_return_mae
relative_momentum_5,-4.351639919134981e-05,6.424116599707161e-05,gasoil,7,ridge_100,calibration,increase_in_log_return_mae
log_price,0.0004520499616150975,0.00023642650195954484,gasoil,30,random_forest,calibration,increase_in_log_return_mae
log_return_1,-1.4937570235495912e-05,0.000102577207109576,gasoil,30,random_forest,calibration,increase_in_log_return_mae
log_return_2,-1.576559063298788e-05,3.1336323441150605e-05,gasoil,30,random_forest,calibration,increase_in_log_return_mae
log_return_5,0.0002437241614069746,0.00010404848277984622,gasoil,30,random_forest,calibration,increase_in_log_return_mae
log_return_10,0.0012054223095553818,0.00033908866598772935,gasoil,30,random_forest,calibration,increase_in_log_return_mae
log_return_20,-9.631724123653207e-05,2.1562689989125935e-05,gasoil,30,random_forest,calibration,increase_in_log_return_mae
log_return_60,-0.0030017923736451596,0.00032459571660534674,gasoil,30,random_forest,calibration,increase_in_log_return_mae
price_to_mean_5,1.333036471045379e-05,3.11778884075666e-05,gasoil,30,random_forest,calibration,increase_in_log_return_mae
volatility_5,0.00026888666712719943,0.00011656422704822133,gasoil,30,random_forest,calibration,increase_in_log_return_mae
momentum_5,0.0003145592597566194,0.0001125654711260118,gasoil,30,random_forest,calibration,increase_in_log_return_mae
price_to_mean_20,0.003973701773657362,0.0006301404983988392,gasoil,30,random_forest,calibration,increase_in_log_return_mae
volatility_20,-0.0009745381049108576,0.0002500752475790744,gasoil,30,random_forest,calibration,increase_in_log_return_mae
momentum_20,0.00022483994363802217,5.6455933972787876e-05,gasoil,30,random_forest,calibration,increase_in_log_return_mae
price_to_mean_60,-0.0008751343623461749,0.0010409078915749625,gasoil,30,random_forest,calibration,increase_in_log_return_mae
volatility_60,-0.00021141884141969992,0.0005292565480642731,gasoil,30,random_forest,calibration,increase_in_log_return_mae
momentum_60,-0.0012775013722215566,0.00034514653840413297,gasoil,30,random_forest,calibration,increase_in_log_return_mae
gap_days,0.0,0.0,gasoil,30,random_forest,calibration,increase_in_log_return_mae
weekday_sin,-1.2961805778877179e-05,6.277689057321345e-06,gasoil,30,random_forest,calibration,increase_in_log_return_mae
weekday_cos,0.0,0.0,gasoil,30,random_forest,calibration,increase_in_log_return_mae
month_sin,-0.00031592945689471743,0.00012166846231266867,gasoil,30,random_forest,calibration,increase_in_log_return_mae
month_cos,0.000893836018629457,0.00020363641344389475,gasoil,30,random_forest,calibration,increase_in_log_return_mae
day_of_year_sin,0.007439414045837675,0.0006918319147083357,gasoil,30,random_forest,calibration,increase_in_log_return_mae
day_of_year_cos,0.0025341514631143647,0.0007504399833352397,gasoil,30,random_forest,calibration,increase_in_log_return_mae
peer_log_price,0.0008452476879238835,0.0008033052993072533,gasoil,30,random_forest,calibration,increase_in_log_return_mae
peer_log_return_1,-7.194042280850021e-05,4.551713712898161e-05,gasoil,30,random_forest,calibration,increase_in_log_return_mae
peer_log_return_5,0.0001974624472099229,0.000106942371762657,gasoil,30,random_forest,calibration,increase_in_log_return_mae
peer_age_days,0.0,0.0,gasoil,30,random_forest,calibration,increase_in_log_return_mae
relative_momentum_5,3.090339680292542e-05,1.4680783700198575e-05,gasoil,30,random_forest,calibration,increase_in_log_return_mae
log_price,0.041986391727309724,0.004514640660229534,gasoil,90,ridge_100,calibration,increase_in_log_return_mae
log_return_1,-0.00012688337667065007,0.00011711807126640371,gasoil,90,ridge_100,calibration,increase_in_log_return_mae
log_return_2,-0.00012713836722045012,9.065997131823702e-05,gasoil,90,ridge_100,calibration,increase_in_log_return_mae
log_return_5,-0.00023697716188615658,6.280955692126483e-05,gasoil,90,ridge_100,calibration,increase_in_log_return_mae
log_return_10,-0.0009559975171551411,0.00024246474629998222,gasoil,90,ridge_100,calibration,increase_in_log_return_mae
log_return_20,-0.0008074223445885181,0.000223904537405178,gasoil,90,ridge_100,calibration,increase_in_log_return_mae
log_return_60,0.00283416987978648,0.0002830444518754436,gasoil,90,ridge_100,calibration,increase_in_log_return_mae
price_to_mean_5,-0.00025468283951072255,0.00012558198757388767,gasoil,90,ridge_100,calibration,increase_in_log_return_mae
volatility_5,2.913910223548144e-05,3.64041116930222e-05,gasoil,90,ridge_100,calibration,increase_in_log_return_mae
momentum_5,-0.00023697716188615658,6.280955692126491e-05,gasoil,90,ridge_100,calibration,increase_in_log_return_mae
price_to_mean_20,-0.00033380892953502604,7.786425395055001e-05,gasoil,90,ridge_100,calibration,increase_in_log_return_mae
volatility_20,-5.894250088419595e-05,0.0005050785386892626,gasoil,90,ridge_100,calibration,increase_in_log_return_mae
momentum_20,-0.0008074223445885293,0.00022390453740517055,gasoil,90,ridge_100,calibration,increase_in_log_return_mae
price_to_mean_60,-0.003201296706824547,0.0003422647830773491,gasoil,90,ridge_100,calibration,increase_in_log_return_mae
volatility_60,8.137875260935123e-05,1.766786014575115e-05,gasoil,90,ridge_100,calibration,increase_in_log_return_mae
momentum_60,0.002834169879786566,0.00028304445187546357,gasoil,90,ridge_100,calibration,increase_in_log_return_mae
gap_days,-0.00014401407843765978,0.00021973309995669042,gasoil,90,ridge_100,calibration,increase_in_log_return_mae
weekday_sin,-7.4340969697883615e-06,7.886894803243674e-05,gasoil,90,ridge_100,calibration,increase_in_log_return_mae
weekday_cos,-1.8490387754394044e-06,7.458443552655541e-06,gasoil,90,ridge_100,calibration,increase_in_log_return_mae
month_sin,-0.0004473670258261592,3.832340800412816e-05,gasoil,90,ridge_100,calibration,increase_in_log_return_mae
month_cos,-0.005341730010956216,0.00037978333018934393,gasoil,90,ridge_100,calibration,increase_in_log_return_mae
day_of_year_sin,0.0011878962373989888,0.00012515765421609892,gasoil,90,ridge_100,calibration,increase_in_log_return_mae
day_of_year_cos,-0.00437438736352441,0.0003278655064360151,gasoil,90,ridge_100,calibration,increase_in_log_return_mae
peer_log_price,-0.014403711579935715,0.002124617490278597,gasoil,90,ridge_100,calibration,increase_in_log_return_mae
peer_log_return_1,0.0001932511560469391,0.0002833832515120405,gasoil,90,ridge_100,calibration,increase_in_log_return_mae
peer_log_return_5,0.0006905007147590209,0.00013017406532282892,gasoil,90,ridge_100,calibration,increase_in_log_return_mae
peer_age_days,0.0004642613231276377,0.00034863089550767247,gasoil,90,ridge_100,calibration,increase_in_log_return_mae
relative_momentum_5,7.5721902956713e-05,0.00016942507141606475,gasoil,90,ridge_100,calibration,increase_in_log_return_mae
